recorded_at,open_price,high_price,low_price,close_price,volume,rolling_mean,rolling_std,z_score,position,market_return,position_lag,gross_return,turnover,strategy_return,equity
2026-08-10 09:15:00,1330.0,1332.0,1326.5,1327.9,0,,,,0,0.0,0.0,0.0,0.0,0.0,100000.0
2026-08-10 09:20:00,1328.4,1328.4,1326.2,1327.4,140932,,,,0,-0.0003765343775886665,0.0,-0.0,0.0,-0.0,100000.0
2026-08-10 09:25:00,1327.4,1327.4,1324.6,1325.4,104767,,,,0,-0.0015067048365224878,0.0,-0.0,0.0,-0.0,100000.0
2026-08-10 09:30:00,1325.4,1325.5,1324.4,1325.0,139097,,,,0,-0.0003017956843217595,0.0,-0.0,0.0,-0.0,100000.0
2026-08-10 09:35:00,1325.1,1325.7,1324.5,1325.2,134224,,,,0,0.000150943396226344,0.0,0.0,0.0,0.0,100000.0
2026-08-10 09:40:00,1325.0,1325.4,1323.0,1323.5,114410,,,,0,-0.0012828252339269763,0.0,-0.0,0.0,-0.0,100000.0
2026-08-10 09:45:00,1323.8,1324.2,1322.2,1323.8,172086,,,,0,0.0002266717038155175,0.0,0.0,0.0,0.0,100000.0
2026-08-10 09:50:00,1323.7,1324.0,1323.1,1323.7,89567,,,,0,-7.554011179933262e-05,0.0,-0.0,0.0,-0.0,100000.0
2026-08-10 09:55:00,1323.7,1323.7,1322.9,1323.4,41014,,,,0,-0.00022663745561679605,0.0,-0.0,0.0,-0.0,100000.0
2026-08-10 10:00:00,1323.4,1323.9,1322.8,1323.2,49209,,,,0,-0.00015112588786458936,0.0,-0.0,0.0,-0.0,100000.0
2026-08-10 10:05:00,1323.1,1323.8,1322.6,1322.8,91763,,,,0,-0.0003022974607014284,0.0,-0.0,0.0,-0.0,100000.0
2026-08-10 10:10:00,1322.8,1323.4,1322.0,1322.6,96628,,,,0,-0.00015119443604483251,0.0,-0.0,0.0,-0.0,100000.0
2026-08-10 10:15:00,1322.8,1326.7,1322.8,1325.0,131281,,,,0,0.001814607591108519,0.0,0.0,0.0,0.0,100000.0
2026-08-10 10:20:00,1324.9,1328.0,1324.9,1327.7,92777,,,,0,0.0020377358490566433,0.0,0.0,0.0,0.0,100000.0
2026-08-10 10:25:00,1328.0,1328.8,1326.5,1327.9,110696,,,,0,0.00015063643895452117,0.0,0.0,0.0,0.0,100000.0
2026-08-10 10:30:00,1327.9,1328.0,1326.7,1327.1,79047,,,,0,-0.0006024550041420218,0.0,-0.0,0.0,-0.0,100000.0
2026-08-10 10:35:00,1327.1,1327.8,1326.5,1327.0,40671,,,,0,-7.535227187094318e-05,0.0,-0.0,0.0,-0.0,100000.0
2026-08-10 10:40:00,1327.0,1328.2,1326.9,1327.6,44020,,,,0,0.00045214770158241713,0.0,0.0,0.0,0.0,100000.0
2026-08-10 10:45:00,1327.6,1329.4,1327.1,1328.5,87296,,,,0,0.0006779150346489793,0.0,0.0,0.0,0.0,100000.0
2026-08-10 10:50:00,1328.5,1329.1,1327.9,1328.9,68864,1325.6799999999998,2.1179930917834455,1.5203071306001616,0,0.00030109145653001157,0.0,0.0,0.0,0.0,100000.0
2026-08-10 10:55:00,1328.9,1328.9,1328.0,1328.1,44952,1325.69,2.1294674402177702,1.1317383654165643,0,-0.0006020016555047247,0.0,-0.0,0.0,-0.0,100000.0
2026-08-10 11:00:00,1328.1,1331.5,1328.0,1330.5,173555,1325.845,2.3607480973089134,1.9718325751512178,0,0.0018070928393947305,0.0,0.0,0.0,0.0,100000.0
2026-08-10 11:05:00,1330.5,1330.5,1329.1,1329.6,158481,1326.0549999999998,2.5016783839739323,1.4170486592960112,0,-0.0006764374295378239,0.0,-0.0,0.0,-0.0,100000.0
2026-08-10 11:10:00,1329.2,1330.6,1327.2,1330.6,106006,1326.335,2.6841199675127045,1.5889751768256928,0,0.0007521058965103133,0.0,0.0,0.0,0.0,100000.0
2026-08-10 11:15:00,1330.5,1331.0,1329.5,1331.0,48548,1326.625,2.8624382319238797,1.528417260224864,0,0.00030061626333988123,0.0,0.0,0.0,0.0,100000.0
2026-08-10 11:20:00,1331.0,1331.5,1330.0,1330.0,94044,1326.95,2.857952892691355,1.0671974362487644,0,-0.0007513148009016257,0.0,-0.0,0.0,-0.0,100000.0
2026-08-10 11:25:00,1330.0,1331.8,1329.8,1331.0,92129,1327.31,2.893531806597343,1.2752581435554775,0,0.0007518796992480592,0.0,0.0,0.0,0.0,100000.0
2026-08-10 11:30:00,1331.0,1331.0,1329.2,1329.3,43649,1327.59,2.7950896793825133,0.6117871682663888,0,-0.0012772351615326638,0.0,-0.0,0.0,-0.0,100000.0
2026-08-10 11:35:00,1329.2,1332.6,1328.7,1331.6,153528,1328.0,2.7491625519135123,1.3094896835016847,0,0.0017302339577220938,0.0,0.0,0.0,0.0,100000.0
2026-08-10 11:40:00,1331.7,1331.9,1329.9,1329.9,138013,1328.335,2.5332057908802517,0.6177942611824838,0,-0.0012766596575546352,0.0,-0.0,0.0,-0.0,100000.0
2026-08-10 11:45:00,1329.5,1329.5,1327.8,1329.0,120032,1328.645,2.1741241430690694,0.16328414416064016,0,-0.0006767426122264997,0.0,-0.0,0.0,-0.0,100000.0
2026-08-10 11:50:00,1328.9,1329.1,1327.5,1327.8,139048,1328.905,1.6643237918785176,-0.663933307564394,0,-0.0009029345372461028,0.0,-0.0,0.0,-0.0,100000.0
2026-08-10 11:55:00,1327.7,1328.0,1326.5,1326.8,87051,1328.995,1.4805671032988916,-1.482540031525216,0,-0.0007531254707033863,0.0,-0.0,0.0,-0.0,100000.0
2026-08-10 12:00:00,1326.8,1327.8,1326.5,1327.1,64037,1328.965,1.5138918128634713,-1.2319242261257952,0,0.00022610792885124908,0.0,0.0,0.0,0.0,100000.0
2026-08-10 12:05:00,1327.1,1327.2,1326.2,1327.0,100238,1328.92,1.5598920340514226,-1.2308544169004834,0,-7.535227187094318e-05,0.0,-0.0,0.0,-0.0,100000.0
2026-08-10 12:10:00,1326.8,1327.9,1326.6,1327.4,58778,1328.935,1.5428186781623243,-0.9949322118839119,0,0.00030143180105501877,0.0,0.0,0.0,0.0,100000.0
2026-08-10 12:15:00,1327.2,1330.7,1327.0,1329.9,96352,1329.08,1.486642278142434,0.5515785552828198,0,0.0018833810456531097,0.0,0.0,0.0,0.0,100000.0
2026-08-10 12:20:00,1330.1,1330.8,1329.5,1330.2,68970,1329.21,1.4639168800112314,0.6762679039484903,0,0.00022558087074209254,0.0,0.0,0.0,0.0,100000.0
2026-08-10 12:25:00,1330.3,1330.8,1329.9,1329.9,48163,1329.28,1.461650112932153,0.4241781220516332,0,-0.00022552999548941521,0.0,-0.0,0.0,-0.0,100000.0
2026-08-10 12:30:00,1330.0,1331.5,1329.5,1330.5,118754,1329.36,1.4833816274427503,0.7685143046873131,0,0.0004511617414841851,0.0,0.0,0.0,0.0,100000.0
2026-08-10 12:35:00,1330.4,1331.1,1330.0,1330.7,71274,1329.49,1.481073579324044,0.8169749409426881,0,0.0001503194287861831,0.0,0.0,0.0,0.0,100000.0
2026-08-10 12:40:00,1330.5,1330.9,1327.7,1327.7,61943,1329.35,1.5125788365719088,-1.0908522320326817,0,-0.002254452543773988,0.0,-0.0,0.0,-0.0,100000.0
2026-08-10 12:45:00,1327.7,1327.8,1326.6,1326.9,100899,1329.2150000000001,1.6066555652242664,-1.440881325224746,0,-0.0006025457558183067,0.0,-0.0,0.0,-0.0,100000.0
2026-08-10 12:50:00,1326.9,1327.9,1326.0,1326.7,131678,1329.02,1.6653117299465268,-1.393132563880056,0,-0.00015072725902487427,0.0,-0.0,0.0,-0.0,100000.0
2026-08-10 12:55:00,1326.7,1327.0,1325.9,1325.9,76283,1328.7649999999999,1.735170247980329,-1.6511348113157949,0,-0.0006029999246249806,0.0,-0.0,0.0,-0.0,100000.0
2026-08-10 13:00:00,1326.1,1327.0,1324.6,1325.4,145767,1328.535,1.86301255751962,-1.682758383643893,0,-0.0003771023455766409,0.0,-0.0,0.0,-0.0,100000.0
2026-08-10 13:05:00,1325.1,1326.3,1324.8,1324.8,75471,1328.225,1.9452709187591728,-1.7606802049889556,0,-0.0004526935264826948,0.0,-0.0,0.0,-0.0,100000.0
2026-08-10 13:10:00,1325.0,1325.6,1324.6,1324.9,67781,1328.0049999999999,2.0625673832696365,-1.5054053628433037,0,7.548309178750934e-05,0.0,0.0,0.0,0.0,100000.0
2026-08-10 13:15:00,1324.9,1325.4,1323.4,1324.3,84287,1327.64,2.0386786226173257,-1.6383160950165547,0,-0.00045286436712210776,0.0,-0.0,0.0,-0.0,100000.0
2026-08-10 13:20:00,1324.5,1325.8,1324.2,1324.7,71818,1327.3799999999999,2.0666779852549833,-1.2967670914969283,0,0.0003020463641170146,0.0,0.0,0.0,0.0,100000.0
2026-08-10 13:25:00,1324.7,1326.0,1324.7,1325.3,107565,1327.1950000000002,2.07959383686246,-0.9112356299628429,0,0.0004529327394882099,0.0,0.0,0.0,0.0,100000.0
2026-08-10 13:30:00,1325.5,1326.8,1324.8,1326.7,93467,1327.1399999999999,2.077295813007218,-0.21181383857066405,0,0.001056364596695225,0.0,0.0,0.0,0.0,100000.0
2026-08-10 13:35:00,1326.7,1327.0,1325.6,1325.9,84961,1327.095,2.0947239486512372,-0.5704808983395544,0,-0.0006029999246249806,0.0,-0.0,0.0,-0.0,100000.0
2026-08-10 13:40:00,1326.1,1326.4,1325.7,1326.3,55978,1327.0549999999998,2.102248170036402,-0.35913933034214907,0,0.0003016818764611795,0.0,0.0,0.0,0.0,100000.0
2026-08-10 13:45:00,1326.3,1326.8,1325.5,1326.5,88280,1327.03,2.105906480654703,-0.25167309416095324,0,0.00015079544597762506,0.0,0.0,0.0,0.0,100000.0
2026-08-10 13:50:00,1325.8,1327.7,1325.6,1327.0,159074,1327.01,2.1041062610750036,-0.004752611683633235,0,0.0003769317753485879,0.0,0.0,0.0,0.0,100000.0
2026-08-10 13:55:00,1327.3,1327.3,1324.8,1325.3,96584,1326.78,2.0213596258068622,-0.7321804497847578,0,-0.0012810851544838853,0.0,-0.0,0.0,-0.0,100000.0
2026-08-10 14:00:00,1325.0,1325.6,1324.8,1325.1,74228,1326.525,1.8842491175111797,-0.7562694267743113,0,-0.0001509092280993496,0.0,-0.0,0.0,-0.0,100000.0
2026-08-10 14:05:00,1325.2,1326.6,1325.1,1326.4,67601,1326.35,1.7086467406136734,0.029262924167826533,0,0.0009810580333560193,0.0,0.0,0.0,0.0,100000.0
2026-08-10 14:10:00,1326.4,1326.4,1326.0,1326.0,66694,1326.125,1.4022069071734944,-0.08914518917323648,0,-0.0003015681544029647,0.0,-0.0,0.0,-0.0,100000.0
2026-08-10 14:15:00,1326.0,1326.2,1324.8,1325.0,139064,1325.84,0.9196109016994417,-0.9134297978064391,0,-0.0007541478129713397,0.0,-0.0,0.0,-0.0,100000.0
2026-08-10 14:20:00,1324.9,1326.4,1324.7,1325.8,138869,1325.7450000000001,0.8088165493634849,0.0680005868365573,0,0.0006037735849055981,0.0,0.0,0.0,0.0,100000.0
2026-08-10 14:25:00,1325.8,1327.5,1325.8,1326.7,203492,1325.735,0.7949015165733059,1.2139868648887564,0,0.0006788354201237023,0.0,0.0,0.0,0.0,100000.0
2026-08-10 14:30:00,1326.3,1326.5,1325.9,1326.3,102946,1325.7150000000001,0.7741038961942526,0.7557125120747485,0,-0.00030149996231254583,0.0,-0.0,0.0,-0.0,100000.0
2026-08-10 14:35:00,1326.2,1327.1,1325.7,1326.5,210147,1325.7450000000001,0.7930454291082493,0.9520261668349211,0,0.00015079544597762506,0.0,0.0,0.0,0.0,100000.0
2026-08-10 14:40:00,1326.7,1327.0,1325.8,1326.6,167715,1325.8049999999998,0.8107663690985007,0.9805537455679634,0,7.538635506976199e-05,0.0,0.0,0.0,0.0,100000.0
2026-08-10 14:45:00,1326.3,1327.0,1324.8,1325.3,185148,1325.83,0.7854599725123529,-0.6747638562723035,0,-0.000979948741142711,0.0,-0.0,0.0,-0.0,100000.0
2026-08-10 14:50:00,1325.5,1326.1,1325.2,1325.5,130651,1325.8600000000001,0.7590853221568031,-0.4742549875384926,0,0.0001509092280993496,0.0,0.0,0.0,0.0,100000.0
2026-08-10 14:55:00,1325.5,1326.3,1325.5,1326.3,103958,1325.9599999999998,0.6691707358234249,0.5080915554111467,0,0.0006035458317614761,0.0,0.0,0.0,0.0,100000.0
2026-08-10 15:00:00,1326.1,1326.6,1325.5,1326.3,188826,1326.0400000000002,0.6029750802203855,0.4311952658221536,0,0.0,0.0,0.0,0.0,0.0,100000.0
2026-08-10 15:05:00,1326.3,1327.5,1325.8,1326.3,214044,1326.09,0.5793826115139461,0.3624547851916014,0,0.0,0.0,0.0,0.0,0.0,100000.0
2026-08-10 15:10:00,1326.1,1327.0,1325.6,1326.6,263740,1326.085,0.5742500830588798,0.89682181194751,0,0.00022619316896621555,0.0,0.0,0.0,0.0,100000.0
2026-08-10 15:15:00,1324.0,1327.3,1324.0,1327.3,304041,1326.155,0.6328506932906766,1.8092735176542951,0,0.0005276647067691265,0.0,0.0,0.0,0.0,100000.0
2026-08-11 09:15:00,1326.4,1326.4,1315.6,1316.0,0,1325.6399999999999,2.355374593070466,-4.092767251697816,1,-0.008513523694718583,0.0,-0.0,1.0,-0.0007,99930.0
2026-08-11 09:20:00,1315.8,1319.7,1314.3,1319.7,135183,1325.3,2.6915071105818695,-2.0806186905407285,1,0.0028115501519756503,1.0,0.0028115501519756503,0.0,0.0028115501519756503,100210.95820668693
2026-08-11 09:25:00,1319.9,1319.9,1318.4,1319.2,75813,1324.91,2.9816809105985342,-1.9150271847344749,1,-0.0003788739865120405,1.0,-0.0003788739865120405,0.0,-0.0003788739865120405,100172.99088145897
2026-08-11 09:30:00,1319.0,1319.3,1318.5,1318.8,48108,1324.585,3.2765956337888014,-1.7655520078047457,1,-0.0003032140691329177,1.0,-0.0003032140691329177,0.0,-0.0003032140691329177,100142.61702127659
2026-08-11 09:35:00,1319.1,1319.1,1317.6,1317.7,67487,1324.215,3.615649464843928,-1.8018892769742259,1,-0.0008340915984227371,1.0,-0.0008340915984227371,0.0,-0.0008340915984227371,100059.08890577506
2026-08-11 09:40:00,1318.1,1318.3,1317.4,1317.9,83027,1323.7900000000002,3.8380230656713428,-1.534644242418024,1,0.0001517796159975493,1.0,0.0001517796159975493,0.0,0.0001517796159975493,100074.27583586625
2026-08-11 09:45:00,1318.0,1318.2,1317.2,1318.2,64020,1323.4,3.994733374936935,-1.3017139097755526,1,0.00022763487366250779,1.0,0.00022763487366250779,0.0,0.00022763487366250779,100097.05623100302
2026-08-11 09:50:00,1318.0,1318.4,1317.6,1317.6,44242,1323.0300000000002,4.17726931707314,-1.2998922472647498,1,-0.000455166135639562,1.0,-0.000455166135639562,0.0,-0.000455166135639562,100051.49544072947
2026-08-11 09:55:00,1317.7,1318.4,1317.5,1318.4,84585,1322.6599999999999,4.246162354036121,-1.0032588593675626,1,0.0006071645415908211,1.0,0.0006071645415908211,0.0,0.0006071645415908211,100112.24316109421
2026-08-11 10:00:00,1318.3,1320.0,1318.2,1319.7,57736,1322.31,4.183664976019188,-0.6238549250383211,1,0.000986043689320315,1.0,0.000986043689320315,0.0,0.000986043689320315,100210.9582066869
2026-08-11 10:05:00,1319.5,1319.8,1319.3,1319.3,45951,1321.9599999999998,4.124688185980727,-0.6448972334541179,1,-0.00030309918920978784,1.0,-0.00030309918920978784,0.0,-0.00030309918920978784,100180.58434650452
2026-08-11 10:10:00,1319.3,1319.3,1318.6,1318.8,30443,1321.575,4.037048817872291,-0.6873833151868207,1,-0.0003789888577275802,1.0,-0.0003789888577275802,0.0,-0.0003789888577275802,100142.61702127656
2026-08-11 10:15:00,1318.9,1319.5,1318.3,1319.0,42752,1321.1950000000002,3.8943244803025148,-0.5636407574927229,1,0.00015165301789510366,1.0,0.00015165301789510366,0.0,0.00015165301789510366,100157.80395136775
2026-08-11 10:20:00,1319.3,1322.7,1318.9,1322.5,79272,1321.0549999999998,3.787858025459923,0.38148209100965746,0,0.0026535253980288775,1.0,0.0026535253980288775,1.0,0.0019535253980288774,100353.46476519755
2026-08-11 10:25:00,1322.8,1324.3,1322.8,1323.2,91448,1320.94,3.67915894278898,0.6142708252464901,0,0.000529300567107871,0.0,0.0,0.0,0.0,100353.46476519755
2026-08-11 10:30:00,1323.0,1323.0,1321.4,1321.7,111350,1320.71,3.4639344833947283,0.2858021722829435,0,-0.0011336154776300233,0.0,-0.0,0.0,-0.0,100353.46476519755
2026-08-11 10:35:00,1321.7,1321.7,1320.8,1321.4,29553,1320.4650000000001,3.211865337674662,0.2911080950476181,0,-0.00022698040402513442,0.0,-0.0,0.0,-0.0,100353.46476519755
2026-08-11 10:40:00,1321.4,1321.9,1320.3,1320.6,62144,1320.1799999999998,2.905095342214359,0.14457356834283278,0,-0.0006054184955351927,0.0,-0.0,0.0,-0.0,100353.46476519755
2026-08-11 10:45:00,1320.9,1321.6,1320.4,1321.6,30219,1319.9299999999998,2.512097048072432,0.6647832341037492,0,0.0007572315614114977,0.0,0.0,0.0,0.0,100353.46476519755
2026-08-11 10:50:00,1321.6,1322.4,1321.6,1322.1,43160,1319.67,1.904869107255408,1.2756782031606635,0,0.0003783292978207786,0.0,0.0,0.0,0.0,100353.46476519755
2026-08-11 10:55:00,1322.1,1322.5,1321.0,1321.0,33103,1319.92,1.7166675183063083,0.6291259014823515,0,-0.0008320096815671585,0.0,-0.0,0.0,-0.0,100353.46476519755
2026-08-11 11:00:00,1321.2,1321.2,1318.8,1318.9,79757,1319.8799999999999,1.7313213694162493,-0.566041647328721,0,-0.0015897047691142419,0.0,-0.0,0.0,-0.0,100353.46476519755
2026-08-11 11:05:00,1318.9,1320.1,1318.9,1319.3,61106,1319.885,1.7293975221043107,-0.3382680919354014,0,0.0003032830388960406,0.0,0.0,0.0,0.0,100353.46476519755
2026-08-11 11:10:00,1319.0,1320.4,1319.0,1320.4,44897,1319.965,1.7134990362866704,0.253866498193581,0,0.0008337754870006986,0.0,0.0,0.0,0.0,100353.46476519755
2026-08-11 11:15:00,1320.5,1320.9,1319.0,1319.2,90858,1320.04,1.6404107316181737,-0.5120668767945117,0,-0.0009088155104514106,0.0,-0.0,0.0,-0.0,100353.46476519755
2026-08-11 11:20:00,1319.4,1319.8,1319.0,1319.1,54480,1320.1,1.578807011301408,-0.6333896371385516,0,-7.58035172833127e-05,0.0,-0.0,0.0,-0.0,100353.46476519755
2026-08-11 11:25:00,1319.0,1319.8,1319.0,1319.5,49644,1320.1650000000002,1.5222127246001378,-0.43686403960056003,0,0.00030323705556822844,0.0,0.0,0.0,0.0,100353.46476519755
2026-08-11 11:30:00,1319.5,1319.7,1319.3,1319.7,35451,1320.27,1.4037918574114376,-0.406043101753706,0,0.00015157256536579844,0.0,0.0,0.0,0.0,100353.46476519755
2026-08-11 11:35:00,1319.3,1320.2,1319.0,1319.0,53985,1320.3,1.367671859685944,-0.9505203977059754,0,-0.00053042358111699,0.0,-0.0,0.0,-0.0,100353.46476519755
2026-08-11 11:40:00,1319.3,1319.5,1318.8,1319.2,37100,1320.275,1.3836926187362601,-0.7769066521304807,0,0.00015163002274443116,0.0,0.0,0.0,0.0,100353.46476519755
2026-08-11 11:45:00,1319.1,1320.2,1319.1,1320.0,60466,1320.31,1.366478378124613,-0.22686052334424545,0,0.0006064281382656134,0.0,0.0,0.0,0.0,100353.46476519755
2026-08-11 11:50:00,1320.0,1320.1,1319.3,1319.7,70677,1320.355,1.3284240762283561,-0.4930654387563044,0,-0.00022727272727274261,0.0,-0.0,0.0,-0.0,100353.46476519755
2026-08-11 11:55:00,1319.5,1320.1,1318.8,1320.0,63659,1320.405,1.2930889170338753,-0.31320351962258974,0,0.00022732439190731313,0.0,0.0,0.0,0.0,100353.46476519755
2026-08-11 12:00:00,1320.0,1320.0,1318.0,1318.1,62784,1320.185,1.2921931581160646,-1.6135358610316695,0,-0.0014393939393939625,0.0,-0.0,0.0,-0.0,100353.46476519755
2026-08-11 12:05:00,1318.2,1319.0,1318.2,1318.8,39094,1319.9650000000001,1.11415533263999,-1.045635169415493,0,0.0005310674455656361,0.0,0.0,0.0,0.0,100353.46476519755
2026-08-11 12:10:00,1318.8,1319.9,1318.7,1319.5,115349,1319.855,1.0399772264649694,-0.34135362868157576,0,0.0005307855626326408,0.0,0.0,0.0,0.0,100353.46476519755
2026-08-11 12:15:00,1319.9,1320.6,1319.2,1320.3,123151,1319.8,0.9814060804394716,0.5094731018745075,0,0.0006062902614627497,0.0,0.0,0.0,0.0,100353.46476519755
2026-08-11 12:20:00,1320.3,1322.3,1320.2,1321.0,128887,1319.8200000000002,1.0024181289511491,1.1771534910631503,0,0.0005301825342725053,0.0,0.0,0.0,0.0,100353.46476519755
2026-08-11 12:25:00,1321.2,1322.0,1320.5,1320.7,73927,1319.775,0.936328215052024,0.9879014485839882,0,-0.0002271006813020504,0.0,-0.0,0.0,-0.0,100353.46476519755
2026-08-11 12:30:00,1320.6,1321.8,1320.6,1321.3,25556,1319.7350000000001,0.8443465240162016,1.853504403092441,0,0.00045430453547345984,0.0,0.0,0.0,0.0,100353.46476519755
2026-08-11 12:35:00,1321.3,1321.9,1321.2,1321.3,35594,1319.75,0.8702691658557846,1.78105816086883,0,0.0,0.0,0.0,0.0,0.0,100353.46476519755
2026-08-11 12:40:00,1321.2,1322.3,1321.0,1321.8,172781,1319.895,0.9583291380465607,1.9878347890820551,0,0.00037841519715442473,0.0,0.0,0.0,0.0,100353.46476519755
2026-08-11 12:45:00,1321.8,1322.7,1321.5,1322.7,45754,1320.065,1.1328933614459669,2.3259029399173214,-1,0.0006808896958694355,0.0,0.0,1.0,-0.0007,100283.21733986192
2026-08-11 12:50:00,1322.3,1323.7,1322.3,1322.9,51538,1320.19,1.2977308130523197,2.0882605026738923,-1,0.00015120586678762926,-1.0,-0.00015120586678762926,0.0,-0.00015120586678762926,100268.0539290598
2026-08-11 12:55:00,1322.9,1323.6,1322.9,1323.0,66241,1320.3799999999999,1.4177818108389435,1.8479571256805634,-1,7.559150351488242e-05,-1.0,-7.559150351488242e-05,0.0,-7.559150351488242e-05,100260.47451610878
2026-08-11 13:00:00,1323.0,1323.4,1322.5,1323.2,80191,1320.585,1.5159763225441643,1.7249609780259794,-1,0.00015117157974309237,-1.0,-0.00015117157974309237,0.0,-0.00015117157974309237,100245.31798179039
2026-08-11 13:05:00,1322.9,1324.9,1322.6,1324.2,353386,1320.82,1.6928953709047667,1.9965793858799854,-1,0.0007557436517533489,-1.0,-0.0007557436517533489,0.0,-0.0007557436517533489,100169.55821910767
2026-08-11 13:10:00,1324.0,1324.2,1323.8,1324.0,58525,1321.035,1.8120285230674888,1.6362877086397205,-1,-0.00015103458692045102,-1.0,0.00015103458692045102,0.0,0.00015103458692045102,100184.68728695529
2026-08-11 13:15:00,1324.0,1325.9,1323.6,1325.9,159227,1321.38,2.0459459271524887,2.2092470480345674,-1,0.0014350453172207178,-1.0,-0.0014350453172207178,0.0,-0.0014350453172207178,100040.91772060693
2026-08-11 13:20:00,1325.8,1326.4,1324.4,1325.2,155958,1321.68,2.1468704272892762,1.6395959230965202,-1,-0.0005279432838072307,-1.0,0.0005279432838072307,0.0,0.0005279432838072307,100093.73365122343
2026-08-11 13:25:00,1325.3,1328.4,1323.7,1324.5,281543,1321.9050000000002,2.1967619711487756,1.181284105461262,-1,-0.0005282221551464739,-1.0,0.0005282221551464739,0.0,0.0005282221551464739,100146.60537892932
2026-08-11 13:30:00,1324.6,1324.8,1323.0,1323.5,84516,1322.095,2.160037767698944,0.6504515897871074,-1,-0.0007550018875047693,-1.0,0.0007550018875047693,0.0,0.0007550018875047693,100222.2162550176
2026-08-11 13:35:00,1323.8,1323.8,1322.5,1323.2,96674,1322.2549999999999,2.114729048213936,0.4468657584281516,0,-0.0002266717038156285,-1.0,0.0002266717038156285,1.0,-0.0004733282961843715,100174.77824415779
2026-08-11 13:40:00,1323.2,1324.8,1323.1,1323.9,120997,1322.545,1.9019311515549076,0.7124337802092623,0,0.0005290205562273886,0.0,0.0,0.0,0.0,100174.77824415779
2026-08-11 13:45:00,1323.9,1325.9,1323.5,1324.0,177706,1322.8049999999998,1.7086390398247278,0.6993870397124643,0,7.55344059217844e-05,0.0,0.0,0.0,0.0,100174.77824415779
2026-08-11 13:50:00,1323.9,1324.2,1322.9,1323.5,182625,1323.0049999999999,1.5257353705820011,0.32443371868038784,0,-0.0003776435045317328,0.0,-0.0,0.0,-0.0,100174.77824415779
2026-08-11 13:55:00,1323.5,1323.6,1321.6,1321.9,287610,1323.085,1.4143159030699801,-0.8378609032308334,0,-0.001208915753683315,0.0,-0.0,0.0,-0.0,100174.77824415779
2026-08-11 14:00:00,1322.5,1323.4,1321.7,1323.0,175454,1323.185,1.3271556446987216,-0.13939585815644281,0,0.0008321355624478777,0.0,0.0,0.0,0.0,100174.77824415779
2026-08-11 14:05:00,1323.4,1324.5,1323.0,1324.1,340385,1323.355,1.204148530789764,0.6186944392244271,0,0.0008314436885865639,0.0,0.0,0.0,0.0,100174.77824415779
2026-08-11 14:10:00,1324.3,1324.4,1322.6,1324.0,152370,1323.49,1.1092434595814569,0.4597728258793842,0,-7.552299675239738e-05,0.0,-0.0,0.0,-0.0,100174.77824415779
2026-08-11 14:15:00,1324.0,1324.6,1322.0,1322.2,146821,1323.535,1.0312358451943564,-1.2945632235547726,0,-0.0013595166163141714,0.0,-0.0,0.0,-0.0,100174.77824415779
2026-08-11 14:20:00,1322.0,1324.3,1322.0,1324.2,213932,1323.6550000000002,0.9555791850705413,0.5703347336512078,0,0.0015126304643775512,0.0,0.0,0.0,0.0,100174.77824415779
2026-08-11 14:25:00,1324.2,1326.3,1323.1,1324.0,437798,1323.72,0.9311000850680887,0.3007195515179199,0,-0.00015103458692045102,0.0,-0.0,0.0,-0.0,100174.77824415779
2026-08-11 14:30:00,1324.0,1324.9,1323.4,1323.8,206774,1323.7649999999999,0.9109133646442522,0.038422973422670925,0,-0.00015105740181275973,0.0,-0.0,0.0,-0.0,100174.77824415779
2026-08-11 14:35:00,1323.8,1324.1,1323.0,1323.6,90731,1323.795,0.8941182071817112,-0.21809196863892288,0,-0.00015108022359877626,0.0,-0.0,0.0,-0.0,100174.77824415779
2026-08-11 14:40:00,1324.0,1324.0,1323.5,1323.7,36650,1323.8200000000002,0.8835335754458705,-0.1358182680715454,0,7.555152614102667e-05,0.0,0.0,0.0,0.0,100174.77824415779
2026-08-11 14:45:00,1323.6,1324.4,1323.2,1323.5,97863,1323.785,0.8815506672563659,-0.3232939530147282,0,-0.00015109163707793805,0.0,-0.0,0.0,-0.0,100174.77824415779
2026-08-11 14:50:00,1323.7,1324.2,1323.5,1323.8,70257,1323.775,0.880116619062876,0.02840532658783661,0,0.0002266717038155175,0.0,0.0,0.0,0.0,100174.77824415779
2026-08-11 14:55:00,1323.7,1324.0,1322.9,1323.3,115898,1323.645,0.7287155245925517,-0.47343577618018756,0,-0.00037770055899677413,0.0,-0.0,0.0,-0.0,100174.77824415779
2026-08-11 15:00:00,1323.7,1325.0,1322.7,1324.7,290558,1323.62,0.6794734803647912,1.589466007444958,0,0.0010579611577119508,0.0,0.0,0.0,0.0,100174.77824415779
2026-08-11 15:05:00,1324.9,1325.4,1320.6,1321.6,576876,1323.475,0.783296005078319,-2.3937310899632704,1,-0.002340152487355751,0.0,-0.0,1.0,-0.0007,100104.65589938688
2026-08-11 15:10:00,1322.1,1323.0,1319.6,1320.6,339940,1323.33,1.01312440135666,-2.6946345348550635,1,-0.0007566585956416683,1.0,-0.0007566585956416683,0.0,-0.0007566585956416683,100028.91085103687
2026-08-11 15:15:00,1320.6,1323.9,1320.6,1323.9,1007777,1323.3650000000002,1.0204617118029893,0.5242724874553076,1,0.002498864152657987,1.0,0.002498864152657987,0.0,0.002498864152657987,100278.86951059195
2026-08-12 09:15:00,1322.8,1325.5,1316.2,1319.6,0,1323.15,1.312891545604211,-2.703955259584235,1,-0.003247979454641725,1.0,-0.003247979454641725,0.0,-0.003247979454641725,99953.16580268685
2026-08-12 09:20:00,1318.5,1318.5,1316.4,1316.8,115202,1322.79,1.9161089959089226,-3.1261269650052457,1,-0.002121855107608317,1.0,-0.002121855107608317,0.0,-0.002121855107608317,99741.0796673068
2026-08-12 09:25:00,1316.8,1320.4,1316.8,1319.5,193011,1322.59,2.0426762630877002,-1.512721352785041,1,0.0020504252733901662,1.0,0.0020504252733901662,0.0,0.0020504252733901662,99945.59129785186
2026-08-12 09:30:00,1319.6,1319.6,1315.3,1317.0,103902,1322.3449999999998,2.393516461740745,-2.2331160388646394,1,-0.0018946570670708152,1.0,-0.0018946570670708152,0.0,-0.0018946570670708152,99756.22867697683
2026-08-12 09:35:00,1317.2,1317.2,1316.2,1316.3,91044,1322.0099999999998,2.7407067855213483,-2.0834041898114357,1,-0.0005315110098709219,1.0,-0.0005315110098709219,0.0,-0.0005315110098709219,99703.20714313182
2026-08-12 09:40:00,1316.3,1317.5,1316.0,1316.9,69845,1321.65,2.918813746062366,-1.627373451426286,1,0.0004558231406215363,1.0,0.0004558231406215363,0.0,0.0004558231406215363,99748.65417214183
2026-08-12 09:45:00,1316.9,1317.2,1314.6,1315.4,118305,1321.22,3.176492603981597,-1.8322095233921896,1,-0.0011390386513782103,1.0,-0.0011390386513782103,0.0,-0.0011390386513782103,99635.03659961681
2026-08-12 09:50:00,1315.9,1315.9,1315.0,1315.3,84390,1320.875,3.429112974147317,-1.6257848726568493,1,-7.602250266092181e-05,1.0,-7.602250266092181e-05,0.0,-7.602250266092181e-05,99627.46209478179
2026-08-12 09:55:00,1315.2,1316.0,1315.0,1315.5,62899,1320.44,3.535295714571169,-1.397337139192973,1,0.00015205656504213572,1.0,0.00015205656504213572,0.0,0.00015205656504213572,99642.61110445179
2026-08-12 10:00:00,1315.4,1315.8,1314.7,1315.0,89831,1319.99,3.6298325320209592,-1.374719069262889,1,-0.0003800836183960321,1.0,-0.0003800836183960321,0.0,-0.0003800836183960321,99604.73858027678
2026-08-12 10:05:00,1315.2,1315.3,1313.1,1313.2,76847,1319.46,3.813466443510505,-1.6415510907806279,1,-0.0013688212927756016,1.0,-0.0013688212927756016,0.0,-0.0013688212927756016,99468.39749324675
2026-08-12 10:10:00,1313.5,1313.7,1311.1,1311.2,120410,1318.84,4.10204057050833,-1.8624876738001435,1,-0.0015229972586049412,1.0,-0.0015229972586049412,0.0,-0.0015229972586049412,99316.90739654671
2026-08-12 10:15:00,1311.1,1312.8,1309.8,1311.8,118482,1318.2450000000001,4.221308726972239,-1.526777693093033,1,0.00045759609517981303,1.0,0.00045759609517981303,0.0,0.00045759609517981303,99362.3544255567
2026-08-12 10:20:00,1312.3,1312.8,1311.7,1312.2,58502,1317.6799999999998,4.237129117443253,-1.293328536399784,1,0.0003049245311785853,1.0,0.0003049245311785853,0.0,0.0003049245311785853,99392.65244489671
2026-08-12 10:25:00,1312.3,1313.2,1311.9,1312.9,57061,1317.135,4.107537999951199,-1.0310312406239979,1,0.0005334552659654879,1.0,0.0005334552659654879,0.0,0.0005334552659654879,99445.67397874172
2026-08-12 10:30:00,1313.0,1315.0,1312.6,1314.0,95513,1316.67,3.893733156589848,-0.6857172519594211,1,0.0008378398964123956,1.0,0.0008378398964123956,0.0,0.0008378398964123956,99528.99353192674
2026-08-12 10:35:00,1314.0,1314.3,1313.2,1313.7,62118,1316.1200000000001,3.4515595254732023,-0.7011323380460301,1,-0.00022831050228311334,1.0,-0.00022831050228311334,0.0,-0.00022831050228311334,99506.27001742173
2026-08-12 10:40:00,1313.9,1314.7,1313.3,1314.1,82305,1315.745,3.2248174162905907,-0.5101063991065191,1,0.0003044835198293683,1.0,0.0003044835198293683,0.0,0.0003044835198293683,99536.56803676172
2026-08-12 10:45:00,1314.1,1314.1,1312.6,1313.1,67931,1315.3700000000001,3.0625238989384256,-0.7412187055216346,1,-0.0007609770945894434,1.0,-0.0007609770945894434,0.0,-0.0007609770945894434,99460.8229884117
2026-08-12 10:50:00,1313.1,1313.3,1312.4,1312.9,57727,1314.82,2.3563129092515607,-0.8148323562890881,1,-0.00015231132434678774,1.0,-0.00015231132434678774,0.0,-0.00015231132434678774,99445.67397874172
2026-08-12 10:55:00,1313.2,1314.0,1311.7,1311.7,114991,1314.425,2.1674323883074855,-1.2572479836973458,1,-0.000914007159722785,1.0,-0.000914007159722785,0.0,-0.000914007159722785,99354.77992072167
2026-08-12 11:00:00,1311.6,1312.5,1311.6,1312.2,45637,1314.1950000000002,2.1461041815075435,-0.9295914043644977,1,0.00038118472211623455,1.0,0.00038118472211623455,0.0,0.00038118472211623455,99392.65244489668
2026-08-12 11:05:00,1312.5,1312.6,1311.4,1312.3,92393,1313.835,1.7824510032358671,-0.8611737417822077,1,7.620789513795856e-05,1.0,7.620789513795856e-05,0.0,7.620789513795856e-05,99400.22694973169
2026-08-12 11:10:00,1312.4,1313.6,1311.7,1312.1,90795,1313.59,1.6568518022822196,-0.8992958802637739,1,-0.00015240417587447652,1.0,-0.00015240417587447652,0.0,-0.00015240417587447652,99385.07794006167
2026-08-12 11:15:00,1312.1,1313.1,1311.9,1312.3,46192,1313.39,1.5505177403521602,-0.7029909891599048,1,0.00015242740644771935,1.0,0.00015242740644771935,0.0,0.00015242740644771935,99400.22694973169
2026-08-12 11:20:00,1312.3,1312.8,1311.7,1312.2,80626,1313.155,1.331194556538242,-0.717400770089832,1,-7.620208793712724e-05,1.0,-7.620208793712724e-05,0.0,-7.620208793712724e-05,99392.6524448967
2026-08-12 11:25:00,1311.7,1313.5,1311.5,1313.0,110415,1313.0349999999999,1.221851485500614,-0.028645052541319594,0,0.0006096631611034464,1.0,0.0006096631611034464,1.0,-9.033683889655357e-05,99383.67362686526
2026-08-12 11:30:00,1312.7,1312.7,1311.7,1312.6,33624,1312.9,1.1016733683422881,-0.27231301819667153,0,-0.0003046458492004245,0.0,-0.0,0.0,-0.0,99383.67362686526
2026-08-12 11:35:00,1312.5,1313.4,1311.9,1312.4,106702,1312.745,0.9196538250248646,-0.37514115704403467,0,-0.00015236934328799467,0.0,-0.0,0.0,-0.0,99383.67362686526
2026-08-12 11:40:00,1312.0,1314.0,1311.8,1313.4,127743,1312.665,0.7706968821777883,0.953682332181245,0,0.0007619628162145453,0.0,0.0,0.0,0.0,99383.67362686526
2026-08-12 11:45:00,1313.7,1313.7,1311.9,1311.9,49092,1312.6,0.7779866052077362,-0.8997584216927561,0,-0.0011420740063956547,0.0,-0.0,0.0,-0.0,99383.67362686526
2026-08-12 11:50:00,1311.8,1312.8,1311.6,1312.6,140863,1312.67,0.7049449399840305,-0.09929853528950709,0,0.0005335772543637596,0.0,0.0,0.0,0.0,99383.67362686526
2026-08-12 11:55:00,1312.6,1312.8,1311.4,1312.4,102272,1312.7,0.6782329983037293,-0.44232586847036187,0,-0.00015236934328799467,0.0,-0.0,0.0,-0.0,99383.67362686526
2026-08-12 12:00:00,1312.4,1313.1,1311.1,1311.2,99948,1312.65,0.7500877141610653,-1.9331072521588974,0,-0.0009143553794574988,0.0,-0.0,0.0,-0.0,99383.67362686526
2026-08-12 12:05:00,1311.4,1311.6,1311.0,1311.1,59195,1312.56,0.8229599977414738,-1.774083799949999,0,-7.62660158634132e-05,0.0,-0.0,0.0,-0.0,99383.67362686526
2026-08-12 12:10:00,1311.1,1311.2,1310.5,1310.8,82186,1312.4,0.839172524754929,-1.9066401160683837,0,-0.00022881549843634108,0.0,-0.0,0.0,-0.0,99383.67362686526
2026-08-12 12:15:00,1310.8,1311.1,1310.4,1311.1,121433,1312.27,0.828505312366359,-1.4121816511451737,0,0.00022886786695153205,0.0,0.0,0.0,0.0,99383.67362686526
2026-08-12 12:20:00,1311.1,1311.8,1310.8,1311.8,251911,1312.1550000000002,0.7126488764042861,-0.4981415276923188,0,0.0005339028296851289,0.0,0.0,0.0,0.0,99383.67362686526
2026-08-12 12:25:00,1311.4,1312.3,1311.2,1312.3,42979,1312.115,0.6784463675721619,0.2726818343238726,0,0.00038115566397323164,0.0,0.0,0.0,0.0,99383.67362686526
2026-08-12 12:30:00,1312.6,1313.5,1312.4,1313.0,53568,1312.1200000000001,0.6848741720685537,1.2849075580438103,0,0.0005334146155604458,0.0,0.0,0.0,0.0,99383.67362686526
2026-08-12 12:35:00,1313.0,1313.6,1312.5,1313.6,32390,1312.215,0.7520323341230656,1.8416761316719448,0,0.00045696877380030365,0.0,0.0,0.0,0.0,99383.67362686526
2026-08-12 12:40:00,1313.7,1315.4,1313.0,1313.1,212312,1312.2599999999998,0.7775805932088444,1.0802738742922,0,-0.000380633373934236,0.0,-0.0,0.0,-0.0,99383.67362686526
2026-08-12 12:45:00,1313.1,1314.2,1312.7,1313.2,121074,1312.3049999999998,0.8055563621617471,1.1110333702764583,0,7.61556621735604e-05,0.0,0.0,0.0,0.0,99383.67362686526
2026-08-12 12:50:00,1313.2,1314.1,1313.0,1313.3,103341,1312.3650000000002,0.8336823830315797,1.1215302362510164,0,7.614986293025261e-05,0.0,0.0,0.0,0.0,99383.67362686526
2026-08-12 12:55:00,1313.7,1313.7,1313.0,1313.5,40341,1312.425,0.871100332603233,1.2340713919686725,0,0.00015228812914047651,0.0,0.0,0.0,0.0,99383.67362686526
2026-08-12 13:00:00,1313.5,1313.6,1312.9,1313.3,55443,1312.48,0.8906532197676814,0.9206725825499465,0,-0.00015226494099740417,0.0,-0.0,0.0,-0.0,99383.67362686526
2026-08-12 13:05:00,1313.3,1315.2,1313.0,1315.1,89848,1312.585,1.0624078907385852,2.3672640441812294,-1,0.0013705931622629564,0.0,0.0,1.0,-0.0007,99314.10505532645
2026-08-12 13:10:00,1315.1,1315.3,1314.7,1314.9,73983,1312.7,1.181880749166781,1.8614399139261997,-1,-0.00015207968975727848,-1.0,0.00015207968975727848,0.0,0.00015207968975727848,99329.20871361179
2026-08-12 13:15:00,1314.9,1316.0,1314.7,1316.0,62765,1312.88,1.3896610718893927,2.2451517590241754,-1,0.0008365655182902554,-1.0,-0.0008365655182902554,0.0,-0.0008365655182902554,99246.11332264292
2026-08-12 13:20:00,1316.0,1316.2,1315.1,1315.5,73208,1312.9850000000001,1.50552491282803,1.6705137049347194,-1,-0.00037993920972645423,-1.0,0.00037993920972645423,0.0,0.00037993920972645423,99283.82081250717
2026-08-12 13:25:00,1315.6,1315.6,1313.7,1315.6,151584,1313.1699999999998,1.5901340559139876,1.5281730436263956,-1,7.60167236790732e-05,-1.0,-7.60167236790732e-05,0.0,-7.60167236790732e-05,99276.27358173465
2026-08-12 13:30:00,1315.1,1315.9,1314.6,1315.2,60894,1313.3,1.6463676125876412,1.1540557439743417,-1,-0.00030404378230453055,-1.0,0.00030404378230453055,0.0,0.00030404378230453055,99306.45791544755
2026-08-12 13:35:00,1315.6,1316.0,1314.9,1315.3,64512,1313.445,1.6900560563698326,1.0975967294152822,-1,7.603406326017748e-05,-1.0,-7.603406326017748e-05,0.0,-7.603406326017748e-05,99298.90724194425
2026-08-12 13:40:00,1315.6,1315.9,1314.4,1314.9,22585,1313.63,1.6329179564876584,0.7777488115396204,-1,-0.00030411313008427143,-1.0,0.00030411313008427143,0.0,0.00030411313008427143,99329.10534343954
2026-08-12 13:45:00,1314.5,1315.1,1313.9,1315.1,30905,1313.83,1.5495670023348835,0.8195837921731355,-1,0.00015210282150723842,-1.0,-0.00015210282150723842,0.0,-0.00015210282150723842,99313.99710625902
2026-08-12 13:50:00,1315.1,1315.1,1314.0,1314.2,22839,1314.0,1.3764944032191153,0.145296631451838,0,-0.0006843586039083638,-1.0,0.0006843586039083638,1.0,-1.564139609163621e-05,99312.44369669283
2026-08-12 13:55:00,1314.2,1315.1,1314.0,1315.1,41335,1314.2,1.2139539573289224,0.7413790239459694,0,0.0006848272713437797,0.0,0.0,0.0,0.0,99312.44369669283
2026-08-12 14:00:00,1314.5,1315.2,1313.7,1314.0,31871,1314.31,1.076984093118519,-0.287840834401099,0,-0.0008364382936658643,0.0,-0.0,0.0,-0.0,99312.44369669283
2026-08-12 14:05:00,1314.0,1314.8,1313.7,1314.7,60500,1314.4299999999998,0.969590255286286,0.278468145206851,0,0.0005327245053272645,0.0,0.0,0.0,0.0,99312.44369669283
2026-08-12 14:10:00,1314.7,1314.7,1313.3,1313.9,71171,1314.475,0.9193103822624906,-0.6254688417471156,0,-0.0006085038411804966,0.0,-0.0,0.0,-0.0,99312.44369669283
2026-08-12 14:15:00,1313.8,1314.2,1313.3,1313.9,37074,1314.49,0.9066421565249597,-0.6507528860794546,0,0.0,0.0,0.0,0.0,0.0,99312.44369669283
2026-08-12 14:20:00,1314.0,1314.6,1313.0,1314.1,75859,1314.54,0.8518710057952055,-0.5165101253673059,0,0.00015221858588909676,0.0,0.0,0.0,0.0,99312.44369669283
2026-08-12 14:25:00,1314.3,1314.6,1313.5,1314.2,30663,1314.5900000000001,0.7966376710497652,-0.48955756697543507,0,7.609770945915528e-05,0.0,0.0,0.0,0.0,99312.44369669283
2026-08-12 14:30:00,1314.7,1318.5,1314.4,1317.5,196679,1314.8,0.9727876384195685,2.7755286902972762,-1,0.0025110333282605257,0.0,0.0,1.0,-0.0007,99242.92498610514
2026-08-12 14:35:00,1317.6,1318.2,1317.0,1317.5,58641,1315.0,1.0949645512112942,2.2831789369202853,-1,0.0,-1.0,-0.0,0.0,-0.0,99242.92498610514
2026-08-12 14:40:00,1317.5,1317.9,1317.1,1317.6,34913,1315.215,1.1636037487903088,2.0496668238474265,-1,7.590132827317575e-05,-1.0,-7.590132827317575e-05,0.0,-7.590132827317575e-05,99235.39231627698
2026-08-12 14:45:00,1318.0,1318.5,1317.3,1318.3,199590,1315.375,1.3517532474877165,2.163856462291602,-1,0.0005312689738918852,-1.0,-0.0005312689738918852,0.0,-0.0005312689738918852,99182.67163122736
2026-08-12 14:50:00,1318.9,1322.9,1318.3,1322.9,264239,1315.775,2.1511013091190265,3.312256828534966,-1,0.0034893423348252295,-1.0,-0.0034893423348252295,0.0,-0.0034893423348252295,98836.58933622345
2026-08-12 14:55:00,1322.9,1323.5,1320.5,1321.2,270547,1316.0349999999999,2.4703025597749004,2.0908370027640815,-1,-0.0012850555597551105,-1.0,0.0012850555597551105,0.0,0.0012850555597551105,98963.5998448572
2026-08-12 15:00:00,1321.2,1322.1,1321.2,1321.6,262117,1316.34,2.7603203475395617,1.9055759251597528,-1,0.0003027550711474092,-1.0,-0.0003027550711474092,0.0,-0.0003027550711474092,98933.63811314518
2026-08-12 15:05:00,1321.5,1321.6,1319.6,1320.1,273929,1316.565,2.8777321114466887,1.2283978713441623,-1,-0.0011349878934624469,-1.0,0.0011349878934624469,0.0,0.0011349878934624469,99045.92659465979
2026-08-12 15:10:00,1320.2,1320.7,1318.1,1320.5,311833,1316.83,2.987359333836808,1.2285097271129137,-1,0.00030300734792820805,-1.0,-0.00030300734792820805,0.0,-0.00030300734792820805,99015.91495111925
2026-08-12 15:15:00,1320.5,1329.0,1320.5,1329.0,357533,1317.5149999999999,4.012778929473953,2.862106336245573,-1,0.006436955698599034,-1.0,-0.006436955698599034,0.0,-0.006436955698599034,98378.55389312266
2026-08-13 09:15:00,1323.1,1323.1,1311.1,1315.4,0,1317.54,3.9971568843219973,-0.5353805371997207,-1,-0.0102332580887885,-1.0,0.0102332580887885,0.0,0.0102332580887885,99385.28702551276
2026-08-13 09:20:00,1315.0,1315.3,1312.4,1313.0,118323,1317.435,4.091103956016681,-1.0840594733549864,-1,-0.0018245400638590148,-1.0,0.0018245400638590148,0.0,0.0018245400638590148,99566.61946344895
2026-08-13 09:25:00,1312.2,1312.4,1310.1,1311.1,187463,1317.28,4.274723752230392,-1.4457074557801706,-1,-0.0014470677837015167,-1.0,0.0014470677837015167,0.0,0.0014470677837015167,99710.69911080657
2026-08-13 09:30:00,1311.3,1311.3,1307.4,1310.6,229748,1317.055,4.507593009226764,-1.4320281327056743,-1,-0.0003813591640606795,-1.0,0.0003813591640606795,0.0,0.0003813591640606795,99748.72469966736
2026-08-13 09:35:00,1310.7,1312.0,1310.3,1311.9,91967,1316.95,4.605888679321677,-1.0964225042329252,-1,0.0009919121013277632,-1.0,-0.0009919121013277632,0.0,-0.0009919121013277632,99649.78273254576
2026-08-13 09:40:00,1312.0,1313.1,1311.0,1312.6,112870,1316.845,4.683169754275008,-0.9064373539150682,-1,0.0005335772543637596,-1.0,-0.0005335772543637596,0.0,-0.0005335772543637596,99596.61187507737
2026-08-13 09:45:00,1312.6,1315.0,1312.2,1314.5,86232,1316.875,4.665198703952092,-0.5090887121245306,-1,0.0014475087612373372,-1.0,-0.0014475087612373372,0.0,-0.0014475087612373372,99452.44490679866
2026-08-13 09:50:00,1314.7,1315.0,1313.1,1314.4,48947,1316.9,4.649731175023765,-0.5376654920243259,-1,-7.607455306191113e-05,-1.0,7.607455306191113e-05,0.0,7.607455306191113e-05,99460.01070709586
2026-08-13 09:55:00,1314.3,1314.5,1313.5,1314.5,42542,1316.9199999999998,4.637898798286327,-0.5217880133335423,-1,7.608034083994575e-05,-1.0,-7.608034083994575e-05,0.0,-7.608034083994575e-05,99452.44375558132
2026-08-13 10:00:00,1314.5,1314.5,1313.2,1313.6,51820,1316.8899999999999,4.658314581136616,-0.7062640237571102,-1,-0.0006846709775580884,-1.0,0.0006846709775580884,0.0,0.0006846709775580884,99520.53595746799
2026-08-13 10:05:00,1313.6,1314.2,1313.1,1313.2,45549,1316.675,4.727397748621539,-0.7350767134018253,-1,-0.0003045066991472778,-1.0,0.0003045066991472778,0.0,0.0003045066991472778,99550.84062736979
2026-08-13 10:10:00,1313.5,1314.1,1312.4,1313.7,67693,1316.4850000000001,4.768677958687486,-0.584019307683888,-1,0.00038074931465126305,-1.0,-0.00038074931465126305,0.0,-0.00038074931465126305,99512.93671302796
2026-08-13 10:15:00,1313.7,1314.0,1313.0,1313.2,31554,1316.2649999999999,4.815793643942826,-0.6364475362965147,-1,-0.00038060439978682137,-1.0,0.00038060439978682137,0.0,0.00038060439978682137,99550.81177457665
2026-08-13 10:20:00,1313.4,1313.7,1312.6,1312.9,69292,1315.9950000000001,4.8469713821039395,-0.6385430727788971,-1,-0.00022844958879075783,-1.0,0.00022844958879075783,0.0,0.00022844958879075783,99573.55411659034
2026-08-13 10:25:00,1313.1,1313.1,1311.0,1311.2,72791,1315.4099999999999,4.672641538504196,-0.9009892938090671,-1,-0.0012948434762739547,-1.0,0.0012948434762739547,0.0,0.0012948434762739547,99702.48628354761
2026-08-13 10:30:00,1311.0,1311.9,1310.5,1310.9,79669,1314.895,4.567329635573258,-0.874690534461165,-1,-0.00022879804758990652,-1.0,0.00022879804758990652,0.0,0.00022879804758990652,99725.29801774914
2026-08-13 10:35:00,1310.9,1310.9,1310.2,1310.9,59609,1314.3600000000001,4.36268869294662,-0.7930889053793807,-1,0.0,-1.0,-0.0,0.0,-0.0,99725.29801774914
2026-08-13 10:40:00,1310.5,1311.3,1310.4,1311.3,67788,1313.92,4.193804954928767,-0.6247310087516026,-1,0.0003051338774886503,-1.0,-0.0003051338774886503,0.0,-0.0003051338774886503,99694.86845088127
2026-08-13 10:45:00,1311.2,1313.3,1311.0,1313.1,79022,1313.55,3.8987852359131385,-0.11542056634844379,0,0.0013726835964309458,-1.0,-0.0013726835964309458,1.0,-0.002072683596430946,99488.23253239479
2026-08-13 10:50:00,1313.0,1313.2,1312.6,1313.2,60600,1312.76,1.4095165277816444,0.3121637748317466,0,7.61556621735604e-05,0.0,0.0,0.0,0.0,99488.23253239479
2026-08-13 10:55:00,1313.2,1313.2,1311.1,1312.1,139028,1312.595,1.2705054940890994,-0.3896087048053366,0,-0.0008376484922327787,0.0,-0.0,0.0,-0.0,99488.23253239479
2026-08-13 11:00:00,1312.0,1312.3,1311.0,1311.2,94008,1312.5049999999999,1.3036285392723226,-1.0010520333716222,0,-0.000685923329014404,0.0,-0.0,0.0,-0.0,99488.23253239479
2026-08-13 11:05:00,1311.1,1312.3,1310.8,1312.0,79172,1312.55,1.2676127583956347,-0.4338864502248044,0,0.0006101281269066394,0.0,0.0,0.0,0.0,99488.23253239479
2026-08-13 11:10:00,1312.1,1312.2,1310.8,1311.1,39860,1312.575,1.231548020298041,-1.1976796484502317,0,-0.0006859756097561398,0.0,-0.0,0.0,-0.0,99488.23253239479
2026-08-13 11:15:00,1311.2,1312.5,1311.2,1312.1,29714,1312.585,1.2265806129171637,-0.39540817365982733,0,0.000762718328121359,0.0,0.0,0.0,0.0,99488.23253239479
2026-08-13 11:20:00,1312.0,1312.1,1310.8,1310.9,65885,1312.5,1.283088379441551,-1.24699126391924,0,-0.000914564438685983,0.0,-0.0,0.0,-0.0,99488.23253239479
2026-08-13 11:25:00,1310.8,1311.6,1310.8,1310.8,61130,1312.315,1.2457401097488037,-1.2161445137265356,0,-7.62834693722736e-05,0.0,-0.0,0.0,-0.0,99488.23253239479
2026-08-13 11:30:00,1310.8,1310.8,1308.7,1309.0,159568,1312.045,1.35081846533874,-2.254188907046432,1,-0.0013732072017088592,0.0,-0.0,1.0,-0.0007,99418.59076962211
2026-08-13 11:35:00,1309.2,1309.4,1309.0,1309.3,45045,1311.785,1.3538541474678707,-1.8355005261444537,1,0.00022918258212367704,1.0,0.00022918258212367704,0.0,0.00022918258212367704,99441.3757789658
2026-08-13 11:40:00,1309.2,1309.4,1309.0,1309.3,57778,1311.57,1.3913643436665255,-1.6314921467788044,1,0.0,1.0,0.0,0.0,0.0,99441.3757789658
2026-08-13 11:45:00,1309.2,1310.0,1309.0,1309.9,84804,1311.4050000000002,1.3835404621878027,-1.0877889307409496,1,0.0004582601390057395,1.0,0.0004582601390057395,0.0,0.0004582601390057395,99486.9457976532
2026-08-13 11:50:00,1309.9,1310.8,1309.7,1310.3,57908,1311.2350000000001,1.2926003982121714,-0.7233480674254744,1,0.00030536682189463704,1.0,0.00030536682189463704,0.0,0.00030536682189463704,99517.32581011142
2026-08-13 11:55:00,1310.4,1313.0,1310.3,1312.8,89340,1311.215,1.2633601811648913,1.254590752210169,1,0.0019079600091582716,1.0,0.0019079600091582716,0.0,0.0019079600091582716,99707.20088797549
2026-08-13 12:00:00,1312.9,1315.9,1312.9,1315.0,131620,1311.32,1.479544737939159,2.4872515887055187,1,0.001675807434491139,1.0,0.001675807434491139,0.0,0.001675807434491139,99874.29095649585
2026-08-13 12:05:00,1315.3,1315.3,1313.5,1313.5,93378,1311.435,1.5570806016338585,1.326199811257832,1,-0.0011406844106464087,1.0,-0.0011406844106464087,0.0,-0.0011406844106464087,99760.36590977742
2026-08-13 12:10:00,1313.6,1314.5,1313.6,1314.2,85881,1311.6,1.6682799209728807,1.558491454170299,1,0.0005329272934906371,1.0,0.0005329272934906371,0.0,0.0005329272934906371,99813.53093157936
2026-08-13 12:15:00,1314.2,1314.4,1313.7,1314.3,65880,1311.77,1.7636982675423223,1.434485731805745,1,7.609191903812373e-05,1.0,7.609191903812373e-05,0.0,7.609191903812373e-05,99821.1259346939
2026-08-13 12:20:00,1314.2,1314.4,1314.0,1314.1,59549,1311.91,1.8341497384734644,1.1940137460219207,1,-0.00015217225899721853,1.0,-0.00015217225899721853,0.0,-0.00015217225899721853,99805.93592846478
2026-08-13 12:25:00,1314.2,1314.2,1313.2,1313.4,75722,1311.925,1.8455850591372678,0.7992045626386008,1,-0.0005326839662125327,1.0,-0.0005326839662125327,0.0,-0.0005326839662125327,99752.77090666286
2026-08-13 12:30:00,1313.4,1314.4,1313.4,1314.4,61398,1311.9850000000001,1.907678390633405,1.265936654657032,1,0.0007613826709305105,1.0,0.0007613826709305105,0.0,0.0007613826709305105,99828.7209378085
2026-08-13 12:35:00,1314.5,1315.0,1313.6,1314.0,104775,1312.08,1.960289989284656,0.9794469239220643,1,-0.000304321363359783,1.0,-0.000304321363359783,0.0,-0.000304321363359783,99798.34092535023
2026-08-13 12:40:00,1314.2,1315.1,1314.0,1314.3,57383,1312.2350000000001,2.0089994891370018,1.0278748258352626,1,0.00022831050228311334,1.0,0.00022831050228311334,0.0,0.00022831050228311334,99821.12593469392
2026-08-13 12:45:00,1314.2,1315.1,1313.6,1314.3,139992,1312.35,2.0600204393429205,0.9465925496457851,1,0.0,1.0,0.0,0.0,0.0,99821.12593469392
2026-08-13 12:50:00,1314.2,1315.3,1313.0,1314.9,306465,1312.54,2.1132165555168636,1.1167809535842406,1,0.0004565167769916556,1.0,0.0004565167769916556,0.0,0.0004565167769916556,99866.6959533813
2026-08-13 12:55:00,1314.8,1314.9,1313.3,1314.6,72883,1312.665,2.1592579134569063,0.8961412103392824,1,-0.0002281542322611907,1.0,-0.0002281542322611907,0.0,-0.0002281542322611907,99843.91094403759
2026-08-13 13:00:00,1314.9,1316.0,1314.3,1315.1,145894,1312.875,2.1826770139790588,1.019390402588102,1,0.0003803438308229712,1.0,0.0003803438308229712,0.0,0.0003803438308229712,99881.8859596104
2026-08-13 13:05:00,1315.2,1316.3,1315.1,1316.1,159731,1313.1399999999999,2.2385145450510513,1.3223054576723918,1,0.0007603984487871696,1.0,0.0007603984487871696,0.0,0.0007603984487871696,99957.83599075602
2026-08-13 13:10:00,1316.0,1316.7,1312.5,1313.2,268781,1313.35,2.015597077526013,-0.07441963558707716,0,-0.0022034799787249426,1.0,-0.0022034799787249426,1.0,-0.0029034799787249427,99667.61041524018
2026-08-13 13:15:00,1313.7,1315.1,1311.8,1312.7,367137,1313.52,1.7863812288313135,-0.4590285582749864,0,-0.00038074931465126305,0.0,-0.0,0.0,-0.0,99667.61041524018
2026-08-13 13:20:00,1312.9,1313.5,1311.6,1311.7,84314,1313.6399999999999,1.5534003449088558,-1.2488731616147895,0,-0.0007617886798202411,0.0,-0.0,0.0,-0.0,99667.61041524018
2026-08-13 13:25:00,1311.6,1313.2,1311.1,1312.9,43996,1313.79,1.296919426943739,-0.6862415517186029,0,0.0009148433330792294,0.0,0.0,0.0,0.0,99667.61041524018
2026-08-13 13:30:00,1313.2,1313.9,1312.2,1313.6,110031,1313.955,1.0070671330702816,-0.3525087735886256,0,0.0005331708431715043,0.0,0.0,0.0,0.0,99667.61041524018
2026-08-13 13:35:00,1313.5,1315.2,1313.5,1314.9,158207,1314.06,0.9896304467005458,0.8488016944110075,0,0.0009896467722292357,0.0,0.0,0.0,0.0,99667.61041524018
2026-08-13 13:40:00,1315.0,1315.7,1314.5,1315.7,77288,1314.095,1.0359206431631174,1.5493464780267854,0,0.0006084112860293978,0.0,0.0,0.0,0.0,99667.61041524018
2026-08-13 13:45:00,1315.7,1316.5,1314.5,1314.9,376081,1314.1650000000002,1.040887778968133,0.7061279946321688,0,-0.0006080413468115831,0.0,-0.0,0.0,-0.0,99667.61041524018
2026-08-13 13:50:00,1314.9,1315.6,1314.6,1315.6,108826,1314.2350000000001,1.0893141250998668,1.2530820711377817,0,0.0005323598752755565,0.0,0.0,0.0,0.0,99667.61041524018
2026-08-13 13:55:00,1315.8,1316.3,1314.5,1315.4,181784,1314.2900000000002,1.1201033786805688,0.99097995874937,0,-0.00015202189115215425,0.0,-0.0,0.0,-0.0,99667.61041524018
2026-08-13 14:00:00,1315.6,1315.6,1313.5,1313.8,107729,1314.275,1.124780680369117,-0.42230455082519436,0,-0.0012163600425727505,0.0,-0.0,0.0,-0.0,99667.61041524018
2026-08-13 14:05:00,1314.3,1314.3,1312.5,1312.6,63805,1314.2350000000001,1.1708184271943827,-1.3964590597691122,0,-0.0009133810321205749,0.0,-0.0,0.0,-0.0,99667.61041524018
2026-08-13 14:10:00,1312.7,1313.1,1312.6,1313.0,51608,1314.165,1.2018735374340341,-0.9693199523197803,0,0.00030473868657643344,0.0,0.0,0.0,0.0,99667.61041524018
2026-08-13 14:15:00,1313.0,1314.4,1313.0,1314.0,122649,1314.165,1.2018735374340341,-0.13728565848303304,0,0.0007616146230007281,0.0,0.0,0.0,0.0,99667.61041524018
2026-08-13 14:20:00,1314.3,1315.7,1314.1,1315.0,75697,1314.2,1.2161198001863414,0.6578299275099161,0,0.0007610350076103778,0.0,0.0,0.0,0.0,99667.61041524018
2026-08-13 14:25:00,1315.0,1315.8,1314.6,1315.6,122847,1314.2649999999999,1.2558389940321113,1.0630343589776294,0,0.00045627376425838584,0.0,0.0,0.0,0.0,99667.61041524018
2026-08-13 14:30:00,1315.7,1316.4,1314.1,1314.1,184854,1314.225,1.2472601551885802,-0.10021966907224784,0,-0.0011401641836424892,0.0,-0.0,0.0,-0.0,99667.61041524018
2026-08-13 14:35:00,1314.1,1314.8,1314.0,1314.2,78008,1314.2050000000002,1.244133602567197,-0.004018860988716912,0,7.609770945915528e-05,0.0,0.0,0.0,0.0,99667.61041524018
2026-08-13 14:40:00,1314.2,1315.9,1314.2,1315.3,115722,1314.215,1.2524817468929417,0.8662800896632779,0,0.0008370111094200272,0.0,0.0,0.0,0.0,99667.61041524018
2026-08-13 14:45:00,1315.7,1315.7,1314.6,1314.6,219676,1314.1399999999999,1.1762563272317086,0.3910712226157673,0,-0.000532197977647697,0.0,-0.0,0.0,-0.0,99667.61041524018
2026-08-13 14:50:00,1314.8,1315.6,1314.2,1314.6,165096,1314.21,1.1589014762106238,0.3365255873821947,0,0.0,0.0,0.0,0.0,0.0,99667.61041524018
2026-08-13 14:55:00,1314.8,1314.8,1312.8,1313.5,238855,1314.25,1.1170920896803096,-0.6713860092005804,0,-0.0008367564278106698,0.0,-0.0,0.0,-0.0,99667.61041524018
2026-08-13 15:00:00,1313.7,1315.0,1313.2,1314.1,293164,1314.3700000000001,0.9442903210933263,-0.2859290135343074,0,0.00045679482299187946,0.0,0.0,0.0,0.0,99667.61041524018
2026-08-13 15:05:00,1314.4,1314.4,1311.2,1312.5,307684,1314.35,0.9806013192692854,-1.8865975026206097,0,-0.0012175633513430428,0.0,-0.0,0.0,-0.0,99667.61041524018
2026-08-13 15:10:00,1312.6,1314.5,1312.2,1313.6,284550,1314.35,0.9806013192692854,-0.7648368253867713,0,0.0008380952380950824,0.0,0.0,0.0,0.0,99667.61041524018
2026-08-13 15:15:00,1314.3,1317.0,1314.3,1317.0,511504,1314.455,1.1417783912480786,2.22897895030062,-1,0.002588306942752805,0.0,0.0,1.0,-0.0007,99597.84308794951
2026-08-14 09:15:00,1315.5,1315.5,1309.2,1310.6,0,1314.2,1.3913265158360835,-2.5874587733540064,-1,-0.0048595292331056195,-1.0,0.0048595292331056195,0.0,0.0048595292331056195,100081.84171798966
2026-08-14 09:20:00,1310.1,1310.5,1308.4,1309.1,135740,1313.9099999999999,1.786174978163164,-2.6929052633725563,-1,-0.0011445139630703594,-1.0,0.0011445139630703594,0.0,0.0011445139630703594,100196.3867832857
2026-08-14 09:25:00,1309.1,1309.1,1307.2,1308.8,143245,1313.57,2.07189209228911,-2.302243450685645,-1,-0.00022916507524251006,-1.0,0.00022916507524251006,0.0,0.00022916507524251006,100219.34829580193
2026-08-14 09:30:00,1308.7,1310.1,1308.2,1309.7,129130,1313.285,2.195276028678472,-1.6330520413681922,-1,0.0006876528117361058,-1.0,-0.0006876528117361058,0.0,-0.0006876528117361058,100150.43217915596
2026-08-14 09:35:00,1309.7,1310.2,1309.0,1309.3,103322,1313.06,2.363850560773557,-1.590625085356306,-1,-0.00030541345346268844,-1.0,0.00030541345346268844,0.0,0.00030541345346268844,100181.01946851356
2026-08-14 09:40:00,1309.3,1309.5,1308.5,1308.5,91894,1312.855,2.5742602412069866,-1.6917481497356697,-1,-0.0006110135186740973,-1.0,0.0006110135186740973,0.0,0.0006110135186740973,100242.23142572337
2026-08-14 09:45:00,1308.7,1309.2,1308.1,1309.2,84223,1312.665,2.700151067895851,-1.283261533474159,-1,0.0005349636988918327,-1.0,-0.0005349636988918327,0.0,-0.0005349636988918327,100188.6054708147
2026-08-14 09:50:00,1308.7,1309.2,1308.1,1308.5,127444,1312.3899999999999,2.8337997552080307,-1.3727152008008787,-1,-0.0005346776657501051,-1.0,0.0005346776657501051,0.0,0.0005346776657501051,100242.1740805226
2026-08-14 09:55:00,1308.6,1309.4,1308.1,1309.0,53245,1312.09,2.8604195496440052,-1.0802611107816282,-1,0.0003821169277800074,-1.0,-0.0003821169277800074,0.0,-0.0003821169277800074,100203.86984892897
2026-08-14 10:00:00,1309.1,1309.9,1308.7,1309.9,66245,1311.805,2.7749774773835116,-0.6864920582332694,-1,0.0006875477463712532,-1.0,-0.0006875477463712532,0.0,-0.0006875477463712532,100134.97490403667
2026-08-14 10:05:00,1309.9,1310.0,1309.5,1310.0,55343,1311.6,2.747822104099059,-0.5822793250018303,-1,7.634170547365926e-05,-1.0,-7.634170547365926e-05,0.0,-7.634170547365926e-05,100127.33042927492
2026-08-14 10:10:00,1310.0,1310.1,1309.0,1309.0,64244,1311.34,2.7348433997285304,-0.8556248596289624,-1,-0.0007633587786259888,-1.0,0.0007633587786259888,0.0,0.0007633587786259888,100203.76350593849
2026-08-14 10:15:00,1308.7,1309.4,1308.6,1309.2,74129,1311.0349999999999,2.6071309094354422,-0.7038388419080831,-1,0.00015278838808252537,-1.0,-0.00015278838808252537,0.0,-0.00015278838808252537,100188.45353443261
2026-08-14 10:20:00,1309.2,1309.3,1307.5,1308.0,108488,1310.705,2.549194919347812,-1.061119328094368,-1,-0.0009165902841430373,-1.0,0.0009165902841430373,0.0,0.0009165902841430373,100280.2852975256
2026-08-14 10:25:00,1307.9,1308.0,1307.6,1308.0,56046,1310.375,2.44343912075358,-0.9719906585057568,-1,0.0,-1.0,-0.0,0.0,-0.0,100280.2852975256
2026-08-14 10:30:00,1308.0,1308.0,1305.2,1306.5,226432,1310.025,2.473411239135548,-1.4251572662991825,-1,-0.0011467889908256534,-1.0,0.0011467889908256534,0.0,0.0011467889908256534,100395.28562470166
2026-08-14 10:35:00,1306.5,1307.0,1305.9,1307.0,59752,1309.67,2.3648967931165594,-1.1290133285188466,-1,0.00038270187523914423,-1.0,-0.00038270187523914423,0.0,-0.00038270187523914423,100356.86416062793
2026-08-14 10:40:00,1307.0,1307.2,1306.5,1307.2,41381,1309.405,2.3277445600473734,-0.9472688875943724,-1,0.00015302218821733327,-1.0,-0.00015302218821733327,0.0,-0.00015302218821733327,100341.50733367144
2026-08-14 10:45:00,1307.2,1307.3,1306.8,1307.1,36109,1309.0800000000002,2.1588495961821703,-0.9171551383207925,-1,-7.649938800502465e-05,-1.0,7.649938800502465e-05,0.0,7.649938800502465e-05,100349.18339757397
2026-08-14 10:50:00,1307.0,1307.2,1306.3,1306.4,82595,1308.55,1.2006577144871897,-1.7906852003346727,-1,-0.0005355366842627607,-1.0,0.0005355366842627607,0.0,0.0005355366842627607,100402.92406651919
2026-08-14 10:55:00,1306.3,1306.6,1305.8,1306.1,78470,1308.325,1.217795678995031,-1.8270716823665254,-1,-0.00022963870177605816,-1.0,0.00022963870177605816,0.0,0.00022963870177605816,100425.98046365632
2026-08-14 11:00:00,1305.9,1305.9,1304.0,1304.3,217365,1308.085,1.4978141968918748,-2.527015705856149,-1,-0.001378148686930536,-1.0,0.001378148686930536,0.0,0.001378148686930536,100564.38239676601
2026-08-14 11:05:00,1304.5,1304.5,1303.1,1303.7,69499,1307.8300000000002,1.777668490790085,-2.323267820404765,-1,-0.0004600168672850291,-1.0,0.0004600168672850291,0.0,0.0004600168672850291,100610.64370891664
2026-08-14 11:10:00,1303.8,1304.5,1303.7,1304.1,34519,1307.55,1.9041505911231118,-1.8118314885826106,-1,0.00030681905346319205,-1.0,-0.00030681905346319205,0.0,-0.00030681905346319205,100579.77444644555
2026-08-14 11:15:00,1304.0,1304.4,1304.0,1304.1,35686,1307.29,2.0049675151564537,-1.5910482219215054,-1,0.0,-1.0,-0.0,0.0,-0.0,100579.77444644555
2026-08-14 11:20:00,1304.2,1304.5,1303.2,1303.6,41321,1307.045,2.1438958635332437,-1.6068877498194514,-1,-0.0003834061805075839,-1.0,0.0003834061805075839,0.0,0.0003834061805075839,100618.3373536024
2026-08-14 11:25:00,1303.8,1303.9,1301.8,1302.4,178702,1306.705,2.316411698702469,-1.8584779218699632,-1,-0.0009205277692542202,-1.0,0.0009205277692542202,0.0,0.0009205277692542202,100710.95932723257
2026-08-14 11:30:00,1302.4,1303.5,1302.0,1303.0,73992,1306.4299999999998,2.416413174846166,-1.4194592364023995,-1,0.00046068796068787776,-1.0,-0.00046068796068787776,0.0,-0.00046068796068787776,100664.56300076119
2026-08-14 11:35:00,1303.3,1303.8,1303.2,1303.8,65099,1306.17,2.405060454430438,-0.9854222149111745,-1,0.0006139677666923138,-1.0,-0.0006139677666923138,0.0,-0.0006139677666923138,100602.75820383056
2026-08-14 11:40:00,1303.8,1304.9,1303.6,1304.8,137544,1305.915,2.254416717653114,-0.4945846929137143,0,0.0007669888019634641,-1.0,-0.0007669888019634641,1.0,-0.0014669888019634642,100455.1750840989
2026-08-14 11:45:00,1304.8,1305.4,1304.5,1305.0,72501,1305.665,2.045090398205955,-0.32516900014949535,0,0.00015328019619875732,0.0,0.0,0.0,0.0,100455.1750840989
2026-08-14 11:50:00,1305.0,1305.8,1304.8,1305.3,105463,1305.48,1.8889150324967834,-0.09529279872485222,0,0.0002298850574711242,0.0,0.0,0.0,0.0,100455.1750840989
2026-08-14 11:55:00,1305.3,1305.5,1304.0,1304.5,66603,1305.2450000000001,1.682878173653974,-0.44269395828132113,0,-0.0006128859266069098,0.0,-0.0,0.0,-0.0,100455.1750840989
2026-08-14 12:00:00,1304.2,1304.6,1303.4,1304.2,126382,1305.055,1.5659115388044966,-0.5460078547302694,0,-0.00022997316979678217,0.0,-0.0,0.0,-0.0,100455.1750840989
2026-08-14 12:05:00,1304.3,1304.5,1304.0,1304.4,58525,1304.8749999999998,1.408573373083977,-0.33722062980624223,0,0.00015335071308086867,0.0,0.0,0.0,0.0,100455.1750840989
2026-08-14 12:10:00,1304.3,1304.5,1304.1,1304.4,34703,1304.77,1.3584433816119992,-0.27237057135265347,0,0.0,0.0,0.0,0.0,0.0,100455.1750840989
2026-08-14 12:15:00,1304.5,1304.8,1304.0,1304.4,46597,1304.64,1.2542139496799916,-0.19135491202377736,0,0.0,0.0,0.0,0.0,0.0,100455.1750840989
2026-08-14 12:20:00,1304.4,1304.9,1304.2,1304.8,45527,1304.52,1.1019599763452157,0.2540927129936486,0,0.00030665440049060244,0.0,0.0,0.0,0.0,100455.1750840989
2026-08-14 12:25:00,1304.8,1304.9,1304.1,1304.8,41968,1304.405,0.9242208667410475,0.427387017772944,0,0.0,0.0,0.0,0.0,0.0,100455.1750840989
2026-08-14 12:30:00,1304.8,1305.1,1304.5,1305.0,65707,1304.335,0.811285529588475,0.8196867511457837,0,0.00015328019619875732,0.0,0.0,0.0,0.0,100455.1750840989
2026-08-14 12:35:00,1305.0,1305.5,1304.9,1305.0,42298,1304.28,0.7171581342124562,1.003962676642707,0,0.0,0.0,0.0,0.0,0.0,100455.1750840989
2026-08-14 12:40:00,1305.0,1305.5,1305.0,1305.5,76712,1304.34,0.7673604793423261,1.5116754527080563,0,0.0003831417624520217,0.0,0.0,0.0,0.0,100455.1750840989
2026-08-14 12:45:00,1305.2,1305.6,1305.1,1305.5,31498,1304.4299999999998,0.79346011075644,1.3485239969783562,0,0.0,0.0,0.0,0.0,0.0,100455.1750840989
2026-08-14 12:50:00,1305.3,1305.7,1305.1,1305.5,40281,1304.5,0.823982626281735,1.2136178216676152,0,0.0,0.0,0.0,0.0,0.0,100455.1750840989
2026-08-14 12:55:00,1305.4,1305.6,1305.0,1305.5,73583,1304.5700000000002,0.8473488065684474,1.0975409333095136,0,0.0,0.0,0.0,0.0,0.0,100455.1750840989
2026-08-14 13:00:00,1305.6,1306.3,1305.3,1306.2,124352,1304.7,0.8891154681942008,1.6870699629672505,0,0.0005361930294907058,0.0,0.0,0.0,0.0,100455.1750840989
2026-08-14 13:05:00,1306.0,1306.4,1305.5,1305.9,37153,1304.875,0.745424640543391,1.3750551621863458,0,-0.00022967386311434357,0.0,-0.0,0.0,-0.0,100455.1750840989
2026-08-14 13:10:00,1306.1,1307.5,1306.0,1307.3,176188,1305.0900000000001,0.794653184856428,2.781087450620481,-1,0.0010720575848073288,0.0,0.0,1.0,-0.0007,100384.85646154002
2026-08-14 13:15:00,1307.3,1307.6,1306.2,1307.1,150107,1305.2549999999999,0.8531520503662767,2.162568793227337,-1,-0.00015298707259236988,-1.0,0.00015298707259236988,0.0,0.00015298707259236988,100400.2140468627
2026-08-14 13:20:00,1307.3,1307.9,1306.8,1307.0,720811,1305.365,0.9297849213615426,1.758471193107496,-1,-7.650524060887065e-05,-1.0,7.650524060887065e-05,0.0,7.650524060887065e-05,100407.89518939555
2026-08-14 13:25:00,1307.2,1307.4,1307.0,1307.3,84331,1305.48,1.0201135127711858,1.7841151766099261,-1,0.00022953328232588888,-1.0,-0.00022953328232588888,0.0,-0.00022953328232588888,100384.84823564129
2026-08-14 13:30:00,1307.2,1307.5,1306.8,1307.3,119259,1305.58,1.0966935953565107,1.5683505468461258,-1,0.0,-1.0,-0.0,0.0,-0.0,100384.84823564129
2026-08-14 13:35:00,1307.0,1307.6,1306.8,1307.6,99891,1305.7350000000001,1.15360989483619,1.616664357984384,-1,0.0002294806088884993,-1.0,-0.0002294806088884993,0.0,-0.0002294806088884993,100361.811859545
2026-08-14 13:40:00,1307.6,1307.8,1307.0,1307.6,98029,1305.905,1.1659534160552332,1.4537459015597938,-1,0.0,-1.0,-0.0,0.0,-0.0,100361.811859545
2026-08-14 13:45:00,1307.6,1309.9,1307.5,1309.7,385268,1306.17,1.387197098275087,2.544699671293545,-1,0.001605995717344877,-1.0,-0.001605995717344877,0.0,-0.001605995717344877,100200.6312195136
2026-08-14 13:50:00,1309.7,1310.5,1309.5,1310.4,217602,1306.47,1.6144414057561975,2.4342784978060372,-1,0.0005344735435597325,-1.0,-0.0005344735435597325,0.0,-0.0005344735435597325,100147.07663307877
2026-08-14 13:55:00,1310.9,1313.1,1310.1,1311.6,763734,1306.83,1.9051453874589317,2.503745924799037,-1,0.0009157509157506905,-1.0,-0.0009157509157506905,0.0,-0.0009157509157506905,100055.36685594228
2026-08-14 14:00:00,1311.8,1312.3,1310.3,1310.6,232085,1307.12,2.0179718844182934,1.7245037093285238,-1,-0.0007624275693809413,-1.0,0.0007624275693809413,0.0,0.0007624275693809413,100131.65182609778
2026-08-14 14:05:00,1310.5,1311.4,1309.7,1310.1,184489,1307.385,2.045090398204553,1.3275696773030177,-1,-0.00038150465435682346,-1.0,0.00038150465435682346,0.0,0.00038150465435682346,100169.8525173179
2026-08-14 14:10:00,1310.0,1311.0,1309.5,1309.8,156980,1307.625,2.032078272421866,1.0703327866439674,-1,-0.0002289901534233696,-1.0,0.0002289901534233696,0.0,0.0002289901534233696,100192.79042721423
2026-08-14 14:15:00,1309.9,1310.5,1309.2,1309.9,134036,1307.8700000000001,1.9939645776260788,1.0180722480119462,-1,7.634753397467442e-05,-1.0,-7.634753397467442e-05,0.0,-7.634753397467442e-05,100185.14095474307
2026-08-14 14:20:00,1309.5,1310.1,1308.2,1308.6,214829,1308.025,1.919121235298766,0.29961629803460693,0,-0.0009924421711582365,-1.0,0.0009924421711582365,1.0,0.0002924421711582365,100214.43931488167
2026-08-14 14:25:00,1308.9,1309.2,1308.4,1309.0,90778,1308.2,1.8344653602288679,0.43609436152021236,0,0.00030567018187377393,0.0,0.0,0.0,0.0,100214.43931488167
2026-08-14 14:30:00,1309.1,1309.2,1308.4,1309.2,92482,1308.385,1.7315265549540217,0.47068293447090437,0,0.00015278838808252537,0.0,0.0,0.0,0.0,100214.43931488167
2026-08-14 14:35:00,1309.2,1310.0,1309.1,1309.4,142979,1308.58,1.6044674473039542,0.5110730051756674,0,0.0001527650473571729,0.0,0.0,0.0,0.0,100214.43931488167
2026-08-14 14:40:00,1309.4,1310.1,1309.2,1309.3,206152,1308.7350000000001,1.5093654993110541,0.374329478352142,0,-7.63708568811694e-05,0.0,-0.0,0.0,-0.0,100214.43931488167
2026-08-14 14:45:00,1309.3,1309.7,1309.1,1309.2,118647,1308.9,1.355689764225627,0.22128956632737815,0,-7.637668983417889e-05,0.0,-0.0,0.0,-0.0,100214.43931488167
2026-08-14 14:50:00,1309.3,1310.0,1309.2,1310.0,125356,1309.0349999999999,1.321990126559455,0.7299600659738708,0,0.0006110601894286916,0.0,0.0,0.0,0.0,100214.43931488167
2026-08-14 14:55:00,1310.1,1310.1,1309.5,1309.5,166097,1309.155,1.2437104926217049,0.27739574607333056,0,-0.0003816793893129944,0.0,-0.0,0.0,-0.0,100214.43931488167
2026-08-14 15:00:00,1309.5,1309.6,1308.8,1308.9,196037,1309.25,1.1385586455941539,-0.3074062116644527,0,-0.00045819014891168575,0.0,-0.0,0.0,-0.0,100214.43931488167
2026-08-14 15:05:00,1308.5,1309.9,1308.5,1309.8,420532,1309.375,1.0467367838765165,0.40602375549084724,0,0.0006876002750400012,0.0,0.0,0.0,0.0,100214.43931488167
2026-08-14 15:10:00,1309.7,1310.0,1306.3,1310.0,1065430,1309.51,0.932963585899627,0.5252080653582184,0,0.00015269506794934884,0.0,0.0,0.0,0.0,100214.43931488167
